"","month_id","year","studyHours","books","twitter","grades"
"1",1,2005,4,0,3.25530633417719,0
"2",1,2005,4,0,3.25530633417719,0
"3",1,2005,4,0,3.25530633417719,1
"4",1,2005,4,0,3.25530633417719,0
"5",1,2005,4,0,3.25530633417719,1
"6",1,2005,4,0,3.25530633417719,1
"7",2,2005,10,0,2.74009634407979,1
"8",2,2005,10,0,2.74009634407979,1
"9",2,2005,10,0,2.74009634407979,1
"10",2,2005,10,0,2.74009634407979,0
"11",2,2005,10,0,2.74009634407979,1
"12",2,2005,10,0,2.74009634407979,1
"13",3,2005,3,2,2.18389664223901,1
"14",3,2005,3,2,2.18389664223901,0
"15",3,2005,3,2,2.18389664223901,1
"16",3,2005,3,2,2.18389664223901,1
"17",3,2005,3,2,2.18389664223901,1
"18",3,2005,3,2,2.18389664223901,1
"19",4,2005,6,0,3.17587358789105,0
"20",4,2005,6,0,3.17587358789105,1
"21",4,2005,6,0,3.17587358789105,1
"22",4,2005,6,0,3.17587358789105,1
"23",4,2005,6,0,3.17587358789105,0
"24",4,2005,6,0,3.17587358789105,1
"25",5,2005,7,1,2.2010498813722,1
"26",5,2005,7,1,2.2010498813722,0
"27",5,2005,7,1,2.2010498813722,1
"28",5,2005,7,1,2.2010498813722,0
"29",5,2005,7,1,2.2010498813722,0
"30",5,2005,7,1,2.2010498813722,0
"31",6,2005,3,0,3.83555101201138,1
"32",6,2005,3,0,3.83555101201138,1
"33",6,2005,3,0,3.83555101201138,1
"34",6,2005,3,0,3.83555101201138,1
"35",6,2005,3,0,3.83555101201138,1
"36",6,2005,3,0,3.83555101201138,1
"37",7,2005,4,0,2.7068405288439,1
"38",7,2005,4,0,2.7068405288439,0
"39",7,2005,4,0,2.7068405288439,1
"40",7,2005,4,0,2.7068405288439,1
"41",7,2005,4,0,2.7068405288439,1
"42",7,2005,4,0,2.7068405288439,0
"43",8,2005,4,2,2.98009515995314,1
"44",8,2005,4,2,2.98009515995314,1
"45",8,2005,4,2,2.98009515995314,1
"46",8,2005,4,2,2.98009515995314,1
"47",8,2005,4,2,2.98009515995314,0
"48",8,2005,4,2,2.98009515995314,1
"49",9,2005,5,4,2.34421479877557,1
"50",9,2005,5,4,2.34421479877557,1
"51",9,2005,5,4,2.34421479877557,1
"52",9,2005,5,4,2.34421479877557,0
"53",9,2005,5,4,2.34421479877557,1
"54",9,2005,5,4,2.34421479877557,1
"55",10,2005,3,1,3.87336043535131,1
"56",10,2005,3,1,3.87336043535131,1
"57",10,2005,3,1,3.87336043535131,1
"58",10,2005,3,1,3.87336043535131,1
"59",10,2005,3,1,3.87336043535131,1
"60",10,2005,3,1,3.87336043535131,0
"61",11,2005,5,1,3.61755003609762,1
"62",11,2005,5,1,3.61755003609762,0
"63",11,2005,5,1,3.61755003609762,1
"64",11,2005,5,1,3.61755003609762,1
"65",11,2005,5,1,3.61755003609762,1
"66",11,2005,5,1,3.61755003609762,1
"67",12,2005,4,1,1.45634531507306,1
"68",12,2005,4,1,1.45634531507306,0
"69",12,2005,4,1,1.45634531507306,1
"70",12,2005,4,1,1.45634531507306,0
"71",12,2005,4,1,1.45634531507306,1
"72",12,2005,4,1,1.45634531507306,0
"73",13,2006,5,1,3.33186226830073,1
"74",13,2006,5,1,3.33186226830073,1
"75",13,2006,5,1,3.33186226830073,1
"76",13,2006,5,1,3.33186226830073,1
"77",13,2006,5,1,3.33186226830073,0
"78",13,2006,5,1,3.33186226830073,1
"79",14,2006,3,2,3.49262343248146,1
"80",14,2006,3,2,3.49262343248146,0
"81",14,2006,3,2,3.49262343248146,1
"82",14,2006,3,2,3.49262343248146,0
"83",14,2006,3,2,3.49262343248146,0
"84",14,2006,3,2,3.49262343248146,0
"85",15,2006,6,0,3.55165658656722,0
"86",15,2006,6,0,3.55165658656722,1
"87",15,2006,6,0,3.55165658656722,1
"88",15,2006,6,0,3.55165658656722,1
"89",15,2006,6,0,3.55165658656722,0
"90",15,2006,6,0,3.55165658656722,1
"91",16,2006,2,1,3.42661603683654,1
"92",16,2006,2,1,3.42661603683654,1
"93",16,2006,2,1,3.42661603683654,0
"94",16,2006,2,1,3.42661603683654,0
"95",16,2006,2,1,3.42661603683654,1
"96",16,2006,2,1,3.42661603683654,0
"97",17,2006,7,1,2.73660760240988,0
"98",17,2006,7,1,2.73660760240988,1
"99",17,2006,7,1,2.73660760240988,1
"100",17,2006,7,1,2.73660760240988,1
"101",17,2006,7,1,2.73660760240988,1
"102",17,2006,7,1,2.73660760240988,0
"103",18,2006,3,3,3.45171007406374,1
"104",18,2006,3,3,3.45171007406374,1
"105",18,2006,3,3,3.45171007406374,0
"106",18,2006,3,3,3.45171007406374,1
"107",18,2006,3,3,3.45171007406374,1
"108",18,2006,3,3,3.45171007406374,1
"109",19,2006,7,0,2.97613941650427,0
"110",19,2006,7,0,2.97613941650427,0
"111",19,2006,7,0,2.97613941650427,0
"112",19,2006,7,0,2.97613941650427,1
"113",19,2006,7,0,2.97613941650427,1
"114",19,2006,7,0,2.97613941650427,0
"115",20,2006,2,1,2.99100903552169,1
"116",20,2006,2,1,2.99100903552169,0
"117",20,2006,2,1,2.99100903552169,1
"118",20,2006,2,1,2.99100903552169,1
"119",20,2006,2,1,2.99100903552169,0
"120",20,2006,2,1,2.99100903552169,1
"121",21,2006,3,0,2.29243122464525,1
"122",21,2006,3,0,2.29243122464525,0
"123",21,2006,3,0,2.29243122464525,1
"124",21,2006,3,0,2.29243122464525,1
"125",21,2006,3,0,2.29243122464525,1
"126",21,2006,3,0,2.29243122464525,1
"127",22,2006,5,2,2.6678780661739,1
"128",22,2006,5,2,2.6678780661739,1
"129",22,2006,5,2,2.6678780661739,0
"130",22,2006,5,2,2.6678780661739,1
"131",22,2006,5,2,2.6678780661739,0
"132",22,2006,5,2,2.6678780661739,0
"133",23,2006,2,2,2.25345335816435,1
"134",23,2006,2,2,2.25345335816435,1
"135",23,2006,2,2,2.25345335816435,1
"136",23,2006,2,2,2.25345335816435,1
"137",23,2006,2,2,2.25345335816435,1
"138",23,2006,2,2,2.25345335816435,1
"139",24,2006,4,1,3.1356847283733,1
"140",24,2006,4,1,3.1356847283733,1
"141",24,2006,4,1,3.1356847283733,1
"142",24,2006,4,1,3.1356847283733,1
"143",24,2006,4,1,3.1356847283733,1
"144",24,2006,4,1,3.1356847283733,0
"145",25,2007,8,0,3.09475622043911,1
"146",25,2007,8,0,3.09475622043911,1
"147",25,2007,8,0,3.09475622043911,0
"148",25,2007,8,0,3.09475622043911,0
"149",25,2007,8,0,3.09475622043911,1
"150",25,2007,8,0,3.09475622043911,1
"151",26,2007,5,0,2.98330354695075,1
"152",26,2007,5,0,2.98330354695075,1
"153",26,2007,5,0,2.98330354695075,0
"154",26,2007,5,0,2.98330354695075,1
"155",26,2007,5,0,2.98330354695075,1
"156",26,2007,5,0,2.98330354695075,0
"157",27,2007,2,2,2.96318787836559,1
"158",27,2007,2,2,2.96318787836559,1
"159",27,2007,2,2,2.96318787836559,1
"160",27,2007,2,2,2.96318787836559,0
"161",27,2007,2,2,2.96318787836559,0
"162",27,2007,2,2,2.96318787836559,1
"163",28,2007,2,2,3.68546271866865,1
"164",28,2007,2,2,3.68546271866865,0
"165",28,2007,2,2,3.68546271866865,1
"166",28,2007,2,2,3.68546271866865,1
"167",28,2007,2,2,3.68546271866865,1
"168",28,2007,2,2,3.68546271866865,1
"169",29,2007,2,2,2.40221059940396,1
"170",29,2007,2,2,2.40221059940396,1
"171",29,2007,2,2,2.40221059940396,0
"172",29,2007,2,2,2.40221059940396,1
"173",29,2007,2,2,2.40221059940396,1
"174",29,2007,2,2,2.40221059940396,1
"175",30,2007,8,1,2.46208678834304,1
"176",30,2007,8,1,2.46208678834304,1
"177",30,2007,8,1,2.46208678834304,1
"178",30,2007,8,1,2.46208678834304,1
"179",30,2007,8,1,2.46208678834304,1
"180",30,2007,8,1,2.46208678834304,0
"181",31,2007,6,1,2.97347982474069,1
"182",31,2007,6,1,2.97347982474069,1
"183",31,2007,6,1,2.97347982474069,1
"184",31,2007,6,1,2.97347982474069,1
"185",31,2007,6,1,2.97347982474069,1
"186",31,2007,6,1,2.97347982474069,1
"187",32,2007,5,0,3.49167622973027,1
"188",32,2007,5,0,3.49167622973027,1
"189",32,2007,5,0,3.49167622973027,0
"190",32,2007,5,0,3.49167622973027,1
"191",32,2007,5,0,3.49167622973027,0
"192",32,2007,5,0,3.49167622973027,1
"193",33,2007,6,1,2.63479473085034,1
"194",33,2007,6,1,2.63479473085034,1
"195",33,2007,6,1,2.63479473085034,1
"196",33,2007,6,1,2.63479473085034,0
"197",33,2007,6,1,2.63479473085034,1
"198",33,2007,6,1,2.63479473085034,1
"199",34,2007,4,0,3.02416880868428,1
"200",34,2007,4,0,3.02416880868428,1
"201",34,2007,4,0,3.02416880868428,1
"202",34,2007,4,0,3.02416880868428,1
"203",34,2007,4,0,3.02416880868428,1
"204",34,2007,4,0,3.02416880868428,0
"205",35,2007,2,1,2.343508358649,1
"206",35,2007,2,1,2.343508358649,1
"207",35,2007,2,1,2.343508358649,0
"208",35,2007,2,1,2.343508358649,0
"209",35,2007,2,1,2.343508358649,1
"210",35,2007,2,1,2.343508358649,0
"211",36,2007,6,2,3.22287702818318,1
"212",36,2007,6,2,3.22287702818318,0
"213",36,2007,6,2,3.22287702818318,1
"214",36,2007,6,2,3.22287702818318,1
"215",36,2007,6,2,3.22287702818318,1
"216",36,2007,6,2,3.22287702818318,1
"217",37,2008,5,0,4.07005379646187,1
"218",37,2008,5,0,4.07005379646187,1
"219",37,2008,5,0,4.07005379646187,0
"220",37,2008,5,0,4.07005379646187,0
"221",37,2008,5,0,4.07005379646187,0
"222",37,2008,5,0,4.07005379646187,1
"223",38,2008,6,3,3.1328046614238,1
"224",38,2008,6,3,3.1328046614238,1
"225",38,2008,6,3,3.1328046614238,1
"226",38,2008,6,3,3.1328046614238,0
"227",38,2008,6,3,3.1328046614238,1
"228",38,2008,6,3,3.1328046614238,1
"229",39,2008,4,0,2.39127301045372,0
"230",39,2008,4,0,2.39127301045372,1
"231",39,2008,4,0,2.39127301045372,1
"232",39,2008,4,0,2.39127301045372,1
"233",39,2008,4,0,2.39127301045372,1
"234",39,2008,4,0,2.39127301045372,1
"235",40,2008,4,1,2.91038246145152,0
"236",40,2008,4,1,2.91038246145152,1
"237",40,2008,4,1,2.91038246145152,1
"238",40,2008,4,1,2.91038246145152,1
"239",40,2008,4,1,2.91038246145152,0
"240",40,2008,4,1,2.91038246145152,1
"241",41,2008,8,1,2.81906740484994,1
"242",41,2008,8,1,2.81906740484994,1
"243",41,2008,8,1,2.81906740484994,0
"244",41,2008,8,1,2.81906740484994,0
"245",41,2008,8,1,2.81906740484994,1
"246",41,2008,8,1,2.81906740484994,1
"247",42,2008,8,0,3.28407245403908,0
"248",42,2008,8,0,3.28407245403908,0
"249",42,2008,8,0,3.28407245403908,0
"250",42,2008,8,0,3.28407245403908,1
"251",42,2008,8,0,3.28407245403908,1
"252",42,2008,8,0,3.28407245403908,1
"253",43,2008,7,2,3.62876725461722,1
"254",43,2008,7,2,3.62876725461722,0
"255",43,2008,7,2,3.62876725461722,0
"256",43,2008,7,2,3.62876725461722,0
"257",43,2008,7,2,3.62876725461722,1
"258",43,2008,7,2,3.62876725461722,1
"259",44,2008,3,1,2.59993776838561,1
"260",44,2008,3,1,2.59993776838561,1
"261",44,2008,3,1,2.59993776838561,1
"262",44,2008,3,1,2.59993776838561,1
"263",44,2008,3,1,2.59993776838561,1
"264",44,2008,3,1,2.59993776838561,0
"265",45,2008,8,1,2.4383762626173,1
"266",45,2008,8,1,2.4383762626173,1
"267",45,2008,8,1,2.4383762626173,1
"268",45,2008,8,1,2.4383762626173,0
"269",45,2008,8,1,2.4383762626173,1
"270",45,2008,8,1,2.4383762626173,1
"271",46,2008,3,1,3.06670826425313,1
"272",46,2008,3,1,3.06670826425313,1
"273",46,2008,3,1,3.06670826425313,1
"274",46,2008,3,1,3.06670826425313,0
"275",46,2008,3,1,3.06670826425313,0
"276",46,2008,3,1,3.06670826425313,1
"277",47,2008,2,1,3.62204857212696,0
"278",47,2008,2,1,3.62204857212696,1
"279",47,2008,2,1,3.62204857212696,1
"280",47,2008,2,1,3.62204857212696,0
"281",47,2008,2,1,3.62204857212696,1
"282",47,2008,2,1,3.62204857212696,1
"283",48,2008,6,0,2.55731591517379,1
"284",48,2008,6,0,2.55731591517379,0
"285",48,2008,6,0,2.55731591517379,1
"286",48,2008,6,0,2.55731591517379,0
"287",48,2008,6,0,2.55731591517379,1
"288",48,2008,6,0,2.55731591517379,1
"289",49,2009,7,1,3.1184206393642,0
"290",49,2009,7,1,3.1184206393642,0
"291",49,2009,7,1,3.1184206393642,1
"292",49,2009,7,1,3.1184206393642,1
"293",49,2009,7,1,3.1184206393642,0
"294",49,2009,7,1,3.1184206393642,0
"295",50,2009,9,0,2.91342866627536,0
"296",50,2009,9,0,2.91342866627536,0
"297",50,2009,9,0,2.91342866627536,1
"298",50,2009,9,0,2.91342866627536,1
"299",50,2009,9,0,2.91342866627536,1
"300",50,2009,9,0,2.91342866627536,1
"301",51,2009,8,0,2.8174320433671,1
"302",51,2009,8,0,2.8174320433671,1
"303",51,2009,8,0,2.8174320433671,1
"304",51,2009,8,0,2.8174320433671,0
"305",51,2009,8,0,2.8174320433671,1
"306",51,2009,8,0,2.8174320433671,1
"307",52,2009,2,0,3.18973426913876,0
"308",52,2009,2,0,3.18973426913876,0
"309",52,2009,2,0,3.18973426913876,0
"310",52,2009,2,0,3.18973426913876,1
"311",52,2009,2,0,3.18973426913876,1
"312",52,2009,2,0,3.18973426913876,1
"313",53,2009,6,0,1.49575580067074,1
"314",53,2009,6,0,1.49575580067074,1
"315",53,2009,6,0,1.49575580067074,1
"316",53,2009,6,0,1.49575580067074,1
"317",53,2009,6,0,1.49575580067074,1
"318",53,2009,6,0,1.49575580067074,1
"319",54,2009,3,2,2.4431856732676,1
"320",54,2009,3,2,2.4431856732676,0
"321",54,2009,3,2,2.4431856732676,1
"322",54,2009,3,2,2.4431856732676,1
"323",54,2009,3,2,2.4431856732676,1
"324",54,2009,3,2,2.4431856732676,1
"325",55,2009,4,0,2.5683605123131,0
"326",55,2009,4,0,2.5683605123131,0
"327",55,2009,4,0,2.5683605123131,0
"328",55,2009,4,0,2.5683605123131,1
"329",55,2009,4,0,2.5683605123131,1
"330",55,2009,4,0,2.5683605123131,1
"331",56,2009,5,0,3.2322746802387,1
"332",56,2009,5,0,3.2322746802387,0
"333",56,2009,5,0,3.2322746802387,1
"334",56,2009,5,0,3.2322746802387,0
"335",56,2009,5,0,3.2322746802387,1
"336",56,2009,5,0,3.2322746802387,1
"337",57,2009,4,1,1.86352443331782,1
"338",57,2009,4,1,1.86352443331782,1
"339",57,2009,4,1,1.86352443331782,1
"340",57,2009,4,1,1.86352443331782,1
"341",57,2009,4,1,1.86352443331782,1
"342",57,2009,4,1,1.86352443331782,1
"343",58,2009,4,0,2.77752477220719,1
"344",58,2009,4,0,2.77752477220719,0
"345",58,2009,4,0,2.77752477220719,1
"346",58,2009,4,0,2.77752477220719,0
"347",58,2009,4,0,2.77752477220719,0
"348",58,2009,4,0,2.77752477220719,1
"349",59,2009,6,1,2.95892419207608,1
"350",59,2009,6,1,2.95892419207608,1
"351",59,2009,6,1,2.95892419207608,1
"352",59,2009,6,1,2.95892419207608,1
"353",59,2009,6,1,2.95892419207608,1
"354",59,2009,6,1,2.95892419207608,0
"355",60,2009,2,0,3.00820917861191,1
"356",60,2009,2,0,3.00820917861191,0
"357",60,2009,2,0,3.00820917861191,1
"358",60,2009,2,0,3.00820917861191,0
"359",60,2009,2,0,3.00820917861191,1
"360",60,2009,2,0,3.00820917861191,0
"361",61,2010,2,1,2.82599495710686,1
"362",61,2010,2,1,2.82599495710686,1
"363",61,2010,2,1,2.82599495710686,0
"364",61,2010,2,1,2.82599495710686,1
"365",61,2010,2,1,2.82599495710686,1
"366",61,2010,2,1,2.82599495710686,1
"367",62,2010,9,1,2.74954719646731,1
"368",62,2010,9,1,2.74954719646731,1
"369",62,2010,9,1,2.74954719646731,1
"370",62,2010,9,1,2.74954719646731,1
"371",62,2010,9,1,2.74954719646731,0
"372",62,2010,9,1,2.74954719646731,1
"373",63,2010,3,1,2.37729984998737,1
"374",63,2010,3,1,2.37729984998737,1
"375",63,2010,3,1,2.37729984998737,1
"376",63,2010,3,1,2.37729984998737,1
"377",63,2010,3,1,2.37729984998737,0
"378",63,2010,3,1,2.37729984998737,1
"379",64,2010,3,1,2.19931180477097,1
"380",64,2010,3,1,2.19931180477097,0
"381",64,2010,3,1,2.19931180477097,1
"382",64,2010,3,1,2.19931180477097,1
"383",64,2010,3,1,2.19931180477097,1
"384",64,2010,3,1,2.19931180477097,0
"385",65,2010,8,0,2.9522674163087,0
"386",65,2010,8,0,2.9522674163087,1
"387",65,2010,8,0,2.9522674163087,1
"388",65,2010,8,0,2.9522674163087,1
"389",65,2010,8,0,2.9522674163087,1
"390",65,2010,8,0,2.9522674163087,1
"391",66,2010,4,0,3.04917517598545,1
"392",66,2010,4,0,3.04917517598545,1
"393",66,2010,4,0,3.04917517598545,1
"394",66,2010,4,0,3.04917517598545,1
"395",66,2010,4,0,3.04917517598545,0
"396",66,2010,4,0,3.04917517598545,1
"397",67,2010,6,1,1.52772694496074,1
"398",67,2010,6,1,1.52772694496074,1
"399",67,2010,6,1,1.52772694496074,1
"400",67,2010,6,1,1.52772694496074,1
"401",67,2010,6,1,1.52772694496074,1
"402",67,2010,6,1,1.52772694496074,1
"403",68,2010,4,1,2.96687926648105,1
"404",68,2010,4,1,2.96687926648105,1
"405",68,2010,4,1,2.96687926648105,1
"406",68,2010,4,1,2.96687926648105,1
"407",68,2010,4,1,2.96687926648105,1
"408",68,2010,4,1,2.96687926648105,1
"409",69,2010,4,0,2.67252600185754,1
"410",69,2010,4,0,2.67252600185754,1
"411",69,2010,4,0,2.67252600185754,1
"412",69,2010,4,0,2.67252600185754,1
"413",69,2010,4,0,2.67252600185754,1
"414",69,2010,4,0,2.67252600185754,0
"415",70,2010,4,0,2.50581975201685,1
"416",70,2010,4,0,2.50581975201685,1
"417",70,2010,4,0,2.50581975201685,1
"418",70,2010,4,0,2.50581975201685,1
"419",70,2010,4,0,2.50581975201685,1
"420",70,2010,4,0,2.50581975201685,0
"421",71,2010,6,1,1.06106992843913,0
"422",71,2010,6,1,1.06106992843913,1
"423",71,2010,6,1,1.06106992843913,1
"424",71,2010,6,1,1.06106992843913,0
"425",71,2010,6,1,1.06106992843913,1
"426",71,2010,6,1,1.06106992843913,1
"427",72,2010,4,0,3.65313312524548,0
"428",72,2010,4,0,3.65313312524548,1
"429",72,2010,4,0,3.65313312524548,1
"430",72,2010,4,0,3.65313312524548,1
"431",72,2010,4,0,3.65313312524548,1
"432",72,2010,4,0,3.65313312524548,0
"433",73,2011,2,0,2.57375947950833,1
"434",73,2011,2,0,2.57375947950833,1
"435",73,2011,2,0,2.57375947950833,1
"436",73,2011,2,0,2.57375947950833,1
"437",73,2011,2,0,2.57375947950833,0
"438",73,2011,2,0,2.57375947950833,1
"439",74,2011,5,2,3.43700237318598,1
"440",74,2011,5,2,3.43700237318598,1
"441",74,2011,5,2,3.43700237318598,0
"442",74,2011,5,2,3.43700237318598,1
"443",74,2011,5,2,3.43700237318598,1
"444",74,2011,5,2,3.43700237318598,0
"445",75,2011,3,0,2.94208600865996,1
"446",75,2011,3,0,2.94208600865996,0
"447",75,2011,3,0,2.94208600865996,0
"448",75,2011,3,0,2.94208600865996,1
"449",75,2011,3,0,2.94208600865996,1
"450",75,2011,3,0,2.94208600865996,1
"451",76,2011,6,1,2.7435410478958,1
"452",76,2011,6,1,2.7435410478958,0
"453",76,2011,6,1,2.7435410478958,1
"454",76,2011,6,1,2.7435410478958,1
"455",76,2011,6,1,2.7435410478958,1
"456",76,2011,6,1,2.7435410478958,1
"457",77,2011,2,1,2.1490216771786,1
"458",77,2011,2,1,2.1490216771786,0
"459",77,2011,2,1,2.1490216771786,0
"460",77,2011,2,1,2.1490216771786,0
"461",77,2011,2,1,2.1490216771786,0
"462",77,2011,2,1,2.1490216771786,1
"463",78,2011,3,0,3.64165309486748,0
"464",78,2011,3,0,3.64165309486748,1
"465",78,2011,3,0,3.64165309486748,1
"466",78,2011,3,0,3.64165309486748,0
"467",78,2011,3,0,3.64165309486748,1
"468",78,2011,3,0,3.64165309486748,1
"469",79,2011,8,0,3.22469410737922,1
"470",79,2011,8,0,3.22469410737922,1
"471",79,2011,8,0,3.22469410737922,0
"472",79,2011,8,0,3.22469410737922,1
"473",79,2011,8,0,3.22469410737922,0
"474",79,2011,8,0,3.22469410737922,1
"475",80,2011,5,1,3.17394000599623,0
"476",80,2011,5,1,3.17394000599623,0
"477",80,2011,5,1,3.17394000599623,0
"478",80,2011,5,1,3.17394000599623,1
"479",80,2011,5,1,3.17394000599623,0
"480",80,2011,5,1,3.17394000599623,1
"481",81,2011,5,0,2.79082950120952,1
"482",81,2011,5,0,2.79082950120952,1
"483",81,2011,5,0,2.79082950120952,0
"484",81,2011,5,0,2.79082950120952,1
"485",81,2011,5,0,2.79082950120952,0
"486",81,2011,5,0,2.79082950120952,1
"487",82,2011,5,0,3.0292365186776,1
"488",82,2011,5,0,3.0292365186776,1
"489",82,2011,5,0,3.0292365186776,1
"490",82,2011,5,0,3.0292365186776,0
"491",82,2011,5,0,3.0292365186776,0
"492",82,2011,5,0,3.0292365186776,1
"493",83,2011,4,0,3.02975162818826,0
"494",83,2011,4,0,3.02975162818826,1
"495",83,2011,4,0,3.02975162818826,0
"496",83,2011,4,0,3.02975162818826,1
"497",83,2011,4,0,3.02975162818826,1
"498",83,2011,4,0,3.02975162818826,1
"499",84,2011,8,0,1.94652307795964,1
"500",84,2011,8,0,1.94652307795964,1
"501",84,2011,8,0,1.94652307795964,1
"502",84,2011,8,0,1.94652307795964,1
"503",84,2011,8,0,1.94652307795964,1
"504",84,2011,8,0,1.94652307795964,1
"505",85,2012,3,1,2.79066491200874,0
"506",85,2012,3,1,2.79066491200874,0
"507",85,2012,3,1,2.79066491200874,1
"508",85,2012,3,1,2.79066491200874,1
"509",85,2012,3,1,2.79066491200874,1
"510",85,2012,3,1,2.79066491200874,1
"511",86,2012,9,0,2.24320724989468,1
"512",86,2012,9,0,2.24320724989468,1
"513",86,2012,9,0,2.24320724989468,1
"514",86,2012,9,0,2.24320724989468,1
"515",86,2012,9,0,2.24320724989468,0
"516",86,2012,9,0,2.24320724989468,1
"517",87,2012,3,1,3.52805350221904,0
"518",87,2012,3,1,3.52805350221904,1
"519",87,2012,3,1,3.52805350221904,0
"520",87,2012,3,1,3.52805350221904,0
"521",87,2012,3,1,3.52805350221904,1
"522",87,2012,3,1,3.52805350221904,0
"523",88,2012,6,1,3.2907599879144,1
"524",88,2012,6,1,3.2907599879144,1
"525",88,2012,6,1,3.2907599879144,0
"526",88,2012,6,1,3.2907599879144,1
"527",88,2012,6,1,3.2907599879144,0
"528",88,2012,6,1,3.2907599879144,1
"529",89,2012,5,1,3.36278424914198,0
"530",89,2012,5,1,3.36278424914198,1
"531",89,2012,5,1,3.36278424914198,1
"532",89,2012,5,1,3.36278424914198,0
"533",89,2012,5,1,3.36278424914198,1
"534",89,2012,5,1,3.36278424914198,1
"535",90,2012,4,0,2.69372358866422,0
"536",90,2012,4,0,2.69372358866422,1
"537",90,2012,4,0,2.69372358866422,1
"538",90,2012,4,0,2.69372358866422,1
"539",90,2012,4,0,2.69372358866422,1
"540",90,2012,4,0,2.69372358866422,1
"541",91,2012,4,1,3.53075929905831,0
"542",91,2012,4,1,3.53075929905831,0
"543",91,2012,4,1,3.53075929905831,1
"544",91,2012,4,1,3.53075929905831,0
"545",91,2012,4,1,3.53075929905831,0
"546",91,2012,4,1,3.53075929905831,0
"547",92,2012,7,1,3.61693998367157,0
"548",92,2012,7,1,3.61693998367157,1
"549",92,2012,7,1,3.61693998367157,1
"550",92,2012,7,1,3.61693998367157,1
"551",92,2012,7,1,3.61693998367157,0
"552",92,2012,7,1,3.61693998367157,0
"553",93,2012,5,1,3.39353345532318,1
"554",93,2012,5,1,3.39353345532318,1
"555",93,2012,5,1,3.39353345532318,1
"556",93,2012,5,1,3.39353345532318,1
"557",93,2012,5,1,3.39353345532318,1
"558",93,2012,5,1,3.39353345532318,0
"559",94,2012,5,1,3.80164756540731,0
"560",94,2012,5,1,3.80164756540731,1
"561",94,2012,5,1,3.80164756540731,1
"562",94,2012,5,1,3.80164756540731,1
"563",94,2012,5,1,3.80164756540731,1
"564",94,2012,5,1,3.80164756540731,0
"565",95,2012,4,1,2.60104806159821,1
"566",95,2012,4,1,2.60104806159821,1
"567",95,2012,4,1,2.60104806159821,1
"568",95,2012,4,1,2.60104806159821,1
"569",95,2012,4,1,2.60104806159821,1
"570",95,2012,4,1,2.60104806159821,0
"571",96,2012,3,2,2.06902784101533,1
"572",96,2012,3,2,2.06902784101533,1
"573",96,2012,3,2,2.06902784101533,1
"574",96,2012,3,2,2.06902784101533,1
"575",96,2012,3,2,2.06902784101533,1
"576",96,2012,3,2,2.06902784101533,1
"577",97,2013,4,0,3.11537866626889,1
"578",97,2013,4,0,3.11537866626889,1
"579",97,2013,4,0,3.11537866626889,0
"580",97,2013,4,0,3.11537866626889,1
"581",97,2013,4,0,3.11537866626889,1
"582",97,2013,4,0,3.11537866626889,0
"583",98,2013,6,0,3.20886327222262,1
"584",98,2013,6,0,3.20886327222262,1
"585",98,2013,6,0,3.20886327222262,1
"586",98,2013,6,0,3.20886327222262,1
"587",98,2013,6,0,3.20886327222262,1
"588",98,2013,6,0,3.20886327222262,1
"589",99,2013,5,0,2.96890453683629,1
"590",99,2013,5,0,2.96890453683629,0
"591",99,2013,5,0,2.96890453683629,1
"592",99,2013,5,0,2.96890453683629,1
"593",99,2013,5,0,2.96890453683629,1
"594",99,2013,5,0,2.96890453683629,0
"595",100,2013,4,1,2.89130688650073,1
"596",100,2013,4,1,2.89130688650073,0
"597",100,2013,4,1,2.89130688650073,1
"598",100,2013,4,1,2.89130688650073,1
"599",100,2013,4,1,2.89130688650073,0
"600",100,2013,4,1,2.89130688650073,1
"601",101,2013,4,0,2.32436785377948,1
"602",101,2013,4,0,2.32436785377948,1
"603",101,2013,4,0,2.32436785377948,0
"604",101,2013,4,0,2.32436785377948,0
"605",101,2013,4,0,2.32436785377948,1
"606",101,2013,4,0,2.32436785377948,0
"607",102,2013,4,1,2.43517839022119,1
"608",102,2013,4,1,2.43517839022119,1
"609",102,2013,4,1,2.43517839022119,1
"610",102,2013,4,1,2.43517839022119,1
"611",102,2013,4,1,2.43517839022119,1
"612",102,2013,4,1,2.43517839022119,1
"613",103,2013,6,1,3.18015809828729,0
"614",103,2013,6,1,3.18015809828729,1
"615",103,2013,6,1,3.18015809828729,0
"616",103,2013,6,1,3.18015809828729,1
"617",103,2013,6,1,3.18015809828729,1
"618",103,2013,6,1,3.18015809828729,1
"619",104,2013,6,0,3.63341715174526,1
"620",104,2013,6,0,3.63341715174526,1
"621",104,2013,6,0,3.63341715174526,0
"622",104,2013,6,0,3.63341715174526,1
"623",104,2013,6,0,3.63341715174526,1
"624",104,2013,6,0,3.63341715174526,1
"625",105,2013,3,1,3.7313596259452,0
"626",105,2013,3,1,3.7313596259452,1
"627",105,2013,3,1,3.7313596259452,1
"628",105,2013,3,1,3.7313596259452,1
"629",105,2013,3,1,3.7313596259452,0
"630",105,2013,3,1,3.7313596259452,0
"631",106,2013,6,1,3.36628044143891,1
"632",106,2013,6,1,3.36628044143891,1
"633",106,2013,6,1,3.36628044143891,0
"634",106,2013,6,1,3.36628044143891,0
"635",106,2013,6,1,3.36628044143891,0
"636",106,2013,6,1,3.36628044143891,1
"637",107,2013,3,3,3.37094964553103,0
"638",107,2013,3,3,3.37094964553103,1
"639",107,2013,3,3,3.37094964553103,1
"640",107,2013,3,3,3.37094964553103,0
"641",107,2013,3,3,3.37094964553103,0
"642",107,2013,3,3,3.37094964553103,0
"643",108,2013,6,1,3.21361464051988,1
"644",108,2013,6,1,3.21361464051988,1
"645",108,2013,6,1,3.21361464051988,1
"646",108,2013,6,1,3.21361464051988,0
"647",108,2013,6,1,3.21361464051988,0
"648",108,2013,6,1,3.21361464051988,1
"649",109,2014,6,1,3.00321917280221,0
"650",109,2014,6,1,3.00321917280221,1
"651",109,2014,6,1,3.00321917280221,1
"652",109,2014,6,1,3.00321917280221,0
"653",109,2014,6,1,3.00321917280221,0
"654",109,2014,6,1,3.00321917280221,0
"655",110,2014,4,3,4.19063217771199,0
"656",110,2014,4,3,4.19063217771199,0
"657",110,2014,4,3,4.19063217771199,1
"658",110,2014,4,3,4.19063217771199,0
"659",110,2014,4,3,4.19063217771199,1
"660",110,2014,4,3,4.19063217771199,0
"661",111,2014,2,0,2.59339905501916,1
"662",111,2014,2,0,2.59339905501916,1
"663",111,2014,2,0,2.59339905501916,1
"664",111,2014,2,0,2.59339905501916,1
"665",111,2014,2,0,2.59339905501916,1
"666",111,2014,2,0,2.59339905501916,1
"667",112,2014,7,3,2.68805852216973,1
"668",112,2014,7,3,2.68805852216973,0
"669",112,2014,7,3,2.68805852216973,1
"670",112,2014,7,3,2.68805852216973,1
"671",112,2014,7,3,2.68805852216973,1
"672",112,2014,7,3,2.68805852216973,1
"673",113,2014,2,1,2.53027027579988,1
"674",113,2014,2,1,2.53027027579988,1
"675",113,2014,2,1,2.53027027579988,1
"676",113,2014,2,1,2.53027027579988,1
"677",113,2014,2,1,2.53027027579988,1
"678",113,2014,2,1,2.53027027579988,1
"679",114,2014,7,0,2.51234519408598,0
"680",114,2014,7,0,2.51234519408598,0
"681",114,2014,7,0,2.51234519408598,0
"682",114,2014,7,0,2.51234519408598,0
"683",114,2014,7,0,2.51234519408598,1
"684",114,2014,7,0,2.51234519408598,1
"685",115,2014,6,1,2.67880717076381,1
"686",115,2014,6,1,2.67880717076381,1
"687",115,2014,6,1,2.67880717076381,1
"688",115,2014,6,1,2.67880717076381,1
"689",115,2014,6,1,2.67880717076381,1
"690",115,2014,6,1,2.67880717076381,1
"691",116,2014,8,0,2.75229848389953,1
"692",116,2014,8,0,2.75229848389953,1
"693",116,2014,8,0,2.75229848389953,1
"694",116,2014,8,0,2.75229848389953,0
"695",116,2014,8,0,2.75229848389953,1
"696",116,2014,8,0,2.75229848389953,1
"697",117,2014,5,1,1.86357437659544,1
"698",117,2014,5,1,1.86357437659544,1
"699",117,2014,5,1,1.86357437659544,1
"700",117,2014,5,1,1.86357437659544,0
"701",117,2014,5,1,1.86357437659544,1
"702",117,2014,5,1,1.86357437659544,0
"703",118,2014,2,1,3.12437234024114,1
"704",118,2014,2,1,3.12437234024114,1
"705",118,2014,2,1,3.12437234024114,0
"706",118,2014,2,1,3.12437234024114,1
"707",118,2014,2,1,3.12437234024114,1
"708",118,2014,2,1,3.12437234024114,1
"709",119,2014,2,0,3.17352098707739,1
"710",119,2014,2,0,3.17352098707739,1
"711",119,2014,2,0,3.17352098707739,1
"712",119,2014,2,0,3.17352098707739,1
"713",119,2014,2,0,3.17352098707739,0
"714",119,2014,2,0,3.17352098707739,1
"715",120,2014,6,2,1.94124451129635,1
"716",120,2014,6,2,1.94124451129635,1
"717",120,2014,6,2,1.94124451129635,1
"718",120,2014,6,2,1.94124451129635,1
"719",120,2014,6,2,1.94124451129635,1
"720",120,2014,6,2,1.94124451129635,1
"721",121,2015,7,2,2.46656809233894,1
"722",121,2015,7,2,2.46656809233894,1
"723",121,2015,7,2,2.46656809233894,1
"724",121,2015,7,2,2.46656809233894,1
"725",121,2015,7,2,2.46656809233894,1
"726",121,2015,7,2,2.46656809233894,0
"727",122,2015,2,1,2.86159952552507,1
"728",122,2015,2,1,2.86159952552507,1
"729",122,2015,2,1,2.86159952552507,0
"730",122,2015,2,1,2.86159952552507,1
"731",122,2015,2,1,2.86159952552507,0
"732",122,2015,2,1,2.86159952552507,1
"733",123,2015,4,0,3.281300381704,1
"734",123,2015,4,0,3.281300381704,0
"735",123,2015,4,0,3.281300381704,1
"736",123,2015,4,0,3.281300381704,1
"737",123,2015,4,0,3.281300381704,1
"738",123,2015,4,0,3.281300381704,0
"739",124,2015,5,0,3.10428067811951,1
"740",124,2015,5,0,3.10428067811951,1
"741",124,2015,5,0,3.10428067811951,0
"742",124,2015,5,0,3.10428067811951,1
"743",124,2015,5,0,3.10428067811951,1
"744",124,2015,5,0,3.10428067811951,0
"745",125,2015,2,1,2.9011526669495,1
"746",125,2015,2,1,2.9011526669495,0
"747",125,2015,2,1,2.9011526669495,1
"748",125,2015,2,1,2.9011526669495,1
"749",125,2015,2,1,2.9011526669495,0
"750",125,2015,2,1,2.9011526669495,1
"751",126,2015,6,0,3.49281669489373,1
"752",126,2015,6,0,3.49281669489373,0
"753",126,2015,6,0,3.49281669489373,1
"754",126,2015,6,0,3.49281669489373,1
"755",126,2015,6,0,3.49281669489373,1
"756",126,2015,6,0,3.49281669489373,1
"757",127,2015,1,0,3.64524002398291,0
"758",127,2015,1,0,3.64524002398291,1
"759",127,2015,1,0,3.64524002398291,1
"760",127,2015,1,0,3.64524002398291,1
"761",127,2015,1,0,3.64524002398291,1
"762",127,2015,1,0,3.64524002398291,1
"763",128,2015,1,1,3.29846512273737,1
"764",128,2015,1,1,3.29846512273737,1
"765",128,2015,1,1,3.29846512273737,1
"766",128,2015,1,1,3.29846512273737,1
"767",128,2015,1,1,3.29846512273737,1
"768",128,2015,1,1,3.29846512273737,1
"769",129,2015,3,1,3.52570146916078,1
"770",129,2015,3,1,3.52570146916078,1
"771",129,2015,3,1,3.52570146916078,1
"772",129,2015,3,1,3.52570146916078,0
"773",129,2015,3,1,3.52570146916078,0
"774",129,2015,3,1,3.52570146916078,1
"775",130,2015,2,2,2.91030084472348,1
"776",130,2015,2,2,2.91030084472348,0
"777",130,2015,2,2,2.91030084472348,1
"778",130,2015,2,2,2.91030084472348,1
"779",130,2015,2,2,2.91030084472348,0
"780",130,2015,2,2,2.91030084472348,1
"781",131,2015,6,0,2.69565551577738,0
"782",131,2015,6,0,2.69565551577738,1
"783",131,2015,6,0,2.69565551577738,1
"784",131,2015,6,0,2.69565551577738,1
"785",131,2015,6,0,2.69565551577738,1
"786",131,2015,6,0,2.69565551577738,1
"787",132,2015,10,1,2.51284987860748,1
"788",132,2015,10,1,2.51284987860748,1
"789",132,2015,10,1,2.51284987860748,1
"790",132,2015,10,1,2.51284987860748,1
"791",132,2015,10,1,2.51284987860748,1
"792",132,2015,10,1,2.51284987860748,1
"793",133,2016,3,1,3.39425038878295,1
"794",133,2016,3,1,3.39425038878295,1
"795",133,2016,3,1,3.39425038878295,1
"796",133,2016,3,1,3.39425038878295,1
"797",133,2016,3,1,3.39425038878295,1
"798",133,2016,3,1,3.39425038878295,0
"799",134,2016,7,1,1.67905636771171,0
"800",134,2016,7,1,1.67905636771171,1
"801",134,2016,7,1,1.67905636771171,1
"802",134,2016,7,1,1.67905636771171,1
"803",134,2016,7,1,1.67905636771171,1
"804",134,2016,7,1,1.67905636771171,1
"805",135,2016,4,1,3.38266895436961,0
"806",135,2016,4,1,3.38266895436961,1
"807",135,2016,4,1,3.38266895436961,1
"808",135,2016,4,1,3.38266895436961,0
"809",135,2016,4,1,3.38266895436961,1
"810",135,2016,4,1,3.38266895436961,1
"811",136,2016,2,2,3.21881326476889,1
"812",136,2016,2,2,3.21881326476889,0
"813",136,2016,2,2,3.21881326476889,0
"814",136,2016,2,2,3.21881326476889,1
"815",136,2016,2,2,3.21881326476889,1
"816",136,2016,2,2,3.21881326476889,1
"817",137,2016,7,0,3.7360908675967,0
"818",137,2016,7,0,3.7360908675967,0
"819",137,2016,7,0,3.7360908675967,1
"820",137,2016,7,0,3.7360908675967,1
"821",137,2016,7,0,3.7360908675967,0
"822",137,2016,7,0,3.7360908675967,1
"823",138,2016,5,1,3.50638647303452,0
"824",138,2016,5,1,3.50638647303452,1
"825",138,2016,5,1,3.50638647303452,0
"826",138,2016,5,1,3.50638647303452,1
"827",138,2016,5,1,3.50638647303452,1
"828",138,2016,5,1,3.50638647303452,1
"829",139,2016,8,3,2.71743257637341,1
"830",139,2016,8,3,2.71743257637341,1
"831",139,2016,8,3,2.71743257637341,1
"832",139,2016,8,3,2.71743257637341,1
"833",139,2016,8,3,2.71743257637341,1
"834",139,2016,8,3,2.71743257637341,1
"835",140,2016,7,0,3.15971245624185,1
"836",140,2016,7,0,3.15971245624185,0
"837",140,2016,7,0,3.15971245624185,1
"838",140,2016,7,0,3.15971245624185,1
"839",140,2016,7,0,3.15971245624185,0
"840",140,2016,7,0,3.15971245624185,1
"841",141,2016,5,0,2.94949284413743,0
"842",141,2016,5,0,2.94949284413743,1
"843",141,2016,5,0,2.94949284413743,1
"844",141,2016,5,0,2.94949284413743,0
"845",141,2016,5,0,2.94949284413743,1
"846",141,2016,5,0,2.94949284413743,1
"847",142,2016,2,0,2.88166934501581,0
"848",142,2016,2,0,2.88166934501581,1
"849",142,2016,2,0,2.88166934501581,1
"850",142,2016,2,0,2.88166934501581,1
"851",142,2016,2,0,2.88166934501581,0
"852",142,2016,2,0,2.88166934501581,1
"853",143,2016,6,0,2.38529671571142,1
"854",143,2016,6,0,2.38529671571142,1
"855",143,2016,6,0,2.38529671571142,1
"856",143,2016,6,0,2.38529671571142,0
"857",143,2016,6,0,2.38529671571142,1
"858",143,2016,6,0,2.38529671571142,1
"859",144,2016,8,3,2.64829509117084,1
"860",144,2016,8,3,2.64829509117084,0
"861",144,2016,8,3,2.64829509117084,1
"862",144,2016,8,3,2.64829509117084,0
"863",144,2016,8,3,2.64829509117084,1
"864",144,2016,8,3,2.64829509117084,1
"865",145,2017,8,1,2.10019165771964,1
"866",145,2017,8,1,2.10019165771964,1
"867",145,2017,8,1,2.10019165771964,1
"868",145,2017,8,1,2.10019165771964,0
"869",145,2017,8,1,2.10019165771964,0
"870",145,2017,8,1,2.10019165771964,1
"871",146,2017,5,1,2.87523640947257,1
"872",146,2017,5,1,2.87523640947257,1
"873",146,2017,5,1,2.87523640947257,1
"874",146,2017,5,1,2.87523640947257,0
"875",146,2017,5,1,2.87523640947257,1
"876",146,2017,5,1,2.87523640947257,1
"877",147,2017,3,0,2.57785983484645,0
"878",147,2017,3,0,2.57785983484645,1
"879",147,2017,3,0,2.57785983484645,1
"880",147,2017,3,0,2.57785983484645,0
"881",147,2017,3,0,2.57785983484645,0
"882",147,2017,3,0,2.57785983484645,1
"883",148,2017,6,0,2.78260049040963,0
"884",148,2017,6,0,2.78260049040963,1
"885",148,2017,6,0,2.78260049040963,1
"886",148,2017,6,0,2.78260049040963,0
"887",148,2017,6,0,2.78260049040963,1
"888",148,2017,6,0,2.78260049040963,1
"889",149,2017,3,0,3.0026397643258,1
"890",149,2017,3,0,3.0026397643258,1
"891",149,2017,3,0,3.0026397643258,1
"892",149,2017,3,0,3.0026397643258,1
"893",149,2017,3,0,3.0026397643258,1
"894",149,2017,3,0,3.0026397643258,0
"895",150,2017,3,1,2.74189483580207,1
"896",150,2017,3,1,2.74189483580207,1
"897",150,2017,3,1,2.74189483580207,0
"898",150,2017,3,1,2.74189483580207,1
"899",150,2017,3,1,2.74189483580207,0
"900",150,2017,3,1,2.74189483580207,1
"901",151,2017,5,0,2.98907159362739,1
"902",151,2017,5,0,2.98907159362739,1
"903",151,2017,5,0,2.98907159362739,0
"904",151,2017,5,0,2.98907159362739,1
"905",151,2017,5,0,2.98907159362739,1
"906",151,2017,5,0,2.98907159362739,1
"907",152,2017,5,0,3.40785157837419,0
"908",152,2017,5,0,3.40785157837419,1
"909",152,2017,5,0,3.40785157837419,0
"910",152,2017,5,0,3.40785157837419,1
"911",152,2017,5,0,3.40785157837419,1
"912",152,2017,5,0,3.40785157837419,1
"913",153,2017,3,1,3.71817939063285,0
"914",153,2017,3,1,3.71817939063285,0
"915",153,2017,3,1,3.71817939063285,1
"916",153,2017,3,1,3.71817939063285,1
"917",153,2017,3,1,3.71817939063285,0
"918",153,2017,3,1,3.71817939063285,1
"919",154,2017,5,1,2.98808388395827,0
"920",154,2017,5,1,2.98808388395827,1
"921",154,2017,5,1,2.98808388395827,1
"922",154,2017,5,1,2.98808388395827,0
"923",154,2017,5,1,2.98808388395827,1
"924",154,2017,5,1,2.98808388395827,1
"925",155,2017,3,1,2.52053415934527,1
"926",155,2017,3,1,2.52053415934527,1
"927",155,2017,3,1,2.52053415934527,0
"928",155,2017,3,1,2.52053415934527,1
"929",155,2017,3,1,2.52053415934527,1
"930",155,2017,3,1,2.52053415934527,1
"931",156,2017,5,2,2.7502337189851,1
"932",156,2017,5,2,2.7502337189851,1
"933",156,2017,5,2,2.7502337189851,1
"934",156,2017,5,2,2.7502337189851,0
"935",156,2017,5,2,2.7502337189851,1
"936",156,2017,5,2,2.7502337189851,1
"937",157,2018,5,0,3.65771463709069,0
"938",157,2018,5,0,3.65771463709069,1
"939",157,2018,5,0,3.65771463709069,1
"940",157,2018,5,0,3.65771463709069,0
"941",157,2018,5,0,3.65771463709069,1
"942",157,2018,5,0,3.65771463709069,0
"943",158,2018,1,0,2.64448063498505,0
"944",158,2018,1,0,2.64448063498505,0
"945",158,2018,1,0,2.64448063498505,1
"946",158,2018,1,0,2.64448063498505,0
"947",158,2018,1,0,2.64448063498505,1
"948",158,2018,1,0,2.64448063498505,0
"949",159,2018,4,1,2.49592778666783,0
"950",159,2018,4,1,2.49592778666783,1
"951",159,2018,4,1,2.49592778666783,1
"952",159,2018,4,1,2.49592778666783,0
"953",159,2018,4,1,2.49592778666783,1
"954",159,2018,4,1,2.49592778666783,1
"955",160,2018,5,1,2.81165003179941,1
"956",160,2018,5,1,2.81165003179941,1
"957",160,2018,5,1,2.81165003179941,1
"958",160,2018,5,1,2.81165003179941,1
"959",160,2018,5,1,2.81165003179941,1
"960",160,2018,5,1,2.81165003179941,0
"961",161,2018,8,0,3.1597781415986,1
"962",161,2018,8,0,3.1597781415986,0
"963",161,2018,8,0,3.1597781415986,1
"964",161,2018,8,0,3.1597781415986,1
"965",161,2018,8,0,3.1597781415986,1
"966",161,2018,8,0,3.1597781415986,1
"967",162,2018,4,1,3.56094012605048,0
"968",162,2018,4,1,3.56094012605048,1
"969",162,2018,4,1,3.56094012605048,1
"970",162,2018,4,1,3.56094012605048,1
"971",162,2018,4,1,3.56094012605048,1
"972",162,2018,4,1,3.56094012605048,1
"973",163,2018,5,0,3.21086239765018,1
"974",163,2018,5,0,3.21086239765018,1
"975",163,2018,5,0,3.21086239765018,0
"976",163,2018,5,0,3.21086239765018,1
"977",163,2018,5,0,3.21086239765018,0
"978",163,2018,5,0,3.21086239765018,1
"979",164,2018,5,1,2.94382839087482,0
"980",164,2018,5,1,2.94382839087482,0
"981",164,2018,5,1,2.94382839087482,1
"982",164,2018,5,1,2.94382839087482,1
"983",164,2018,5,1,2.94382839087482,1
"984",164,2018,5,1,2.94382839087482,1
"985",165,2018,5,2,3.3983075287649,1
"986",165,2018,5,2,3.3983075287649,1
"987",165,2018,5,2,3.3983075287649,1
"988",165,2018,5,2,3.3983075287649,1
"989",165,2018,5,2,3.3983075287649,0
"990",165,2018,5,2,3.3983075287649,1
"991",166,2018,6,0,3.05453937349944,1
"992",166,2018,6,0,3.05453937349944,1
"993",166,2018,6,0,3.05453937349944,0
"994",166,2018,6,0,3.05453937349944,1
"995",166,2018,6,0,3.05453937349944,0
"996",166,2018,6,0,3.05453937349944,1
"997",167,2018,4,2,3.28023464858577,1
"998",167,2018,4,2,3.28023464858577,1
"999",167,2018,4,2,3.28023464858577,0
"1000",167,2018,4,2,3.28023464858577,1
"1001",167,2018,4,2,3.28023464858577,1
"1002",167,2018,4,2,3.28023464858577,1
"1003",168,2018,6,1,3.08647842918223,0
"1004",168,2018,6,1,3.08647842918223,1
"1005",168,2018,6,1,3.08647842918223,0
"1006",168,2018,6,1,3.08647842918223,0
"1007",168,2018,6,1,3.08647842918223,1
"1008",168,2018,6,1,3.08647842918223,1
"1009",169,2019,6,0,2.92545444264256,0
"1010",169,2019,6,0,2.92545444264256,1
"1011",169,2019,6,0,2.92545444264256,1
"1012",169,2019,6,0,2.92545444264256,0
"1013",169,2019,6,0,2.92545444264256,0
"1014",169,2019,6,0,2.92545444264256,1
"1015",170,2019,1,0,3.48974240905334,1
"1016",170,2019,1,0,3.48974240905334,0
"1017",170,2019,1,0,3.48974240905334,1
"1018",170,2019,1,0,3.48974240905334,0
"1019",170,2019,1,0,3.48974240905334,1
"1020",170,2019,1,0,3.48974240905334,1
"1021",171,2019,5,2,3.24691706603952,1
"1022",171,2019,5,2,3.24691706603952,1
"1023",171,2019,5,2,3.24691706603952,1
"1024",171,2019,5,2,3.24691706603952,1
"1025",171,2019,5,2,3.24691706603952,1
"1026",171,2019,5,2,3.24691706603952,0
"1027",172,2019,9,3,2.71616649427828,1
"1028",172,2019,9,3,2.71616649427828,0
"1029",172,2019,9,3,2.71616649427828,1
"1030",172,2019,9,3,2.71616649427828,0
"1031",172,2019,9,3,2.71616649427828,1
"1032",172,2019,9,3,2.71616649427828,1
"1033",173,2019,4,0,1.6501606571051,1
"1034",173,2019,4,0,1.6501606571051,1
"1035",173,2019,4,0,1.6501606571051,1
"1036",173,2019,4,0,1.6501606571051,1
"1037",173,2019,4,0,1.6501606571051,1
"1038",173,2019,4,0,1.6501606571051,1
"1039",174,2019,2,1,3.09159709031663,0
"1040",174,2019,2,1,3.09159709031663,1
"1041",174,2019,2,1,3.09159709031663,1
"1042",174,2019,2,1,3.09159709031663,1
"1043",174,2019,2,1,3.09159709031663,0
"1044",174,2019,2,1,3.09159709031663,1
"1045",175,2019,7,2,2.97200655128383,1
"1046",175,2019,7,2,2.97200655128383,0
"1047",175,2019,7,2,2.97200655128383,0
"1048",175,2019,7,2,2.97200655128383,1
"1049",175,2019,7,2,2.97200655128383,1
"1050",175,2019,7,2,2.97200655128383,1
"1051",176,2019,7,1,2.5987038942913,1
"1052",176,2019,7,1,2.5987038942913,1
"1053",176,2019,7,1,2.5987038942913,0
"1054",176,2019,7,1,2.5987038942913,1
"1055",176,2019,7,1,2.5987038942913,1
"1056",176,2019,7,1,2.5987038942913,1
"1057",177,2019,3,1,3.8284927060147,1
"1058",177,2019,3,1,3.8284927060147,0
"1059",177,2019,3,1,3.8284927060147,1
"1060",177,2019,3,1,3.8284927060147,1
"1061",177,2019,3,1,3.8284927060147,0
"1062",177,2019,3,1,3.8284927060147,1
"1063",178,2019,10,1,3.11798007784281,1
"1064",178,2019,10,1,3.11798007784281,1
"1065",178,2019,10,1,3.11798007784281,1
"1066",178,2019,10,1,3.11798007784281,1
"1067",178,2019,10,1,3.11798007784281,1
"1068",178,2019,10,1,3.11798007784281,1
"1069",179,2019,6,1,2.88642093191131,0
"1070",179,2019,6,1,2.88642093191131,1
"1071",179,2019,6,1,2.88642093191131,0
"1072",179,2019,6,1,2.88642093191131,1
"1073",179,2019,6,1,2.88642093191131,0
"1074",179,2019,6,1,2.88642093191131,1
"1075",180,2019,3,1,3.46429353108003,1
"1076",180,2019,3,1,3.46429353108003,0
"1077",180,2019,3,1,3.46429353108003,1
"1078",180,2019,3,1,3.46429353108003,1
"1079",180,2019,3,1,3.46429353108003,1
"1080",180,2019,3,1,3.46429353108003,1
"1081",181,2020,8,1,3.61124622884301,0
"1082",181,2020,8,1,3.61124622884301,0
"1083",181,2020,8,1,3.61124622884301,1
"1084",181,2020,8,1,3.61124622884301,1
"1085",181,2020,8,1,3.61124622884301,1
"1086",181,2020,8,1,3.61124622884301,1
"1087",182,2020,5,0,3.60327899513687,1
"1088",182,2020,5,0,3.60327899513687,1
"1089",182,2020,5,0,3.60327899513687,1
"1090",182,2020,5,0,3.60327899513687,1
"1091",182,2020,5,0,3.60327899513687,0
"1092",182,2020,5,0,3.60327899513687,1
"1093",183,2020,6,1,3.14758961618732,0
"1094",183,2020,6,1,3.14758961618732,1
"1095",183,2020,6,1,3.14758961618732,0
"1096",183,2020,6,1,3.14758961618732,1
"1097",183,2020,6,1,3.14758961618732,1
"1098",183,2020,6,1,3.14758961618732,0
"1099",184,2020,6,2,3.14437648129713,1
"1100",184,2020,6,2,3.14437648129713,0
"1101",184,2020,6,2,3.14437648129713,1
"1102",184,2020,6,2,3.14437648129713,0
"1103",184,2020,6,2,3.14437648129713,0
"1104",184,2020,6,2,3.14437648129713,1
"1105",185,2020,6,0,2.91283932757404,0
"1106",185,2020,6,0,2.91283932757404,1
"1107",185,2020,6,0,2.91283932757404,0
"1108",185,2020,6,0,2.91283932757404,1
"1109",185,2020,6,0,2.91283932757404,1
"1110",185,2020,6,0,2.91283932757404,1
"1111",186,2020,7,1,2.94438280381231,0
"1112",186,2020,7,1,2.94438280381231,1
"1113",186,2020,7,1,2.94438280381231,1
"1114",186,2020,7,1,2.94438280381231,1
"1115",186,2020,7,1,2.94438280381231,1
"1116",186,2020,7,1,2.94438280381231,0
"1117",187,2020,7,0,2.43480263651777,0
"1118",187,2020,7,0,2.43480263651777,0
"1119",187,2020,7,0,2.43480263651777,1
"1120",187,2020,7,0,2.43480263651777,1
"1121",187,2020,7,0,2.43480263651777,1
"1122",187,2020,7,0,2.43480263651777,1
"1123",188,2020,4,1,2.92002205979482,0
"1124",188,2020,4,1,2.92002205979482,1
"1125",188,2020,4,1,2.92002205979482,0
"1126",188,2020,4,1,2.92002205979482,0
"1127",188,2020,4,1,2.92002205979482,1
"1128",188,2020,4,1,2.92002205979482,1
"1129",189,2020,1,1,2.33576942796061,1
"1130",189,2020,1,1,2.33576942796061,0
"1131",189,2020,1,1,2.33576942796061,1
"1132",189,2020,1,1,2.33576942796061,0
"1133",189,2020,1,1,2.33576942796061,1
"1134",189,2020,1,1,2.33576942796061,0
"1135",190,2020,8,1,3.61768350170997,1
"1136",190,2020,8,1,3.61768350170997,1
"1137",190,2020,8,1,3.61768350170997,1
"1138",190,2020,8,1,3.61768350170997,1
"1139",190,2020,8,1,3.61768350170997,1
"1140",190,2020,8,1,3.61768350170997,1
"1141",191,2020,5,3,2.90917251815732,0
"1142",191,2020,5,3,2.90917251815732,1
"1143",191,2020,5,3,2.90917251815732,0
"1144",191,2020,5,3,2.90917251815732,0
"1145",191,2020,5,3,2.90917251815732,0
"1146",191,2020,5,3,2.90917251815732,1
"1147",192,2020,7,1,2.66610294494836,1
"1148",192,2020,7,1,2.66610294494836,0
"1149",192,2020,7,1,2.66610294494836,0
"1150",192,2020,7,1,2.66610294494836,0
"1151",192,2020,7,1,2.66610294494836,1
"1152",192,2020,7,1,2.66610294494836,1
"1153",193,2020,7,1,2.55431237191858,1
"1154",193,2020,7,1,2.55431237191858,1
"1155",193,2020,7,1,2.55431237191858,1
"1156",193,2020,7,1,2.55431237191858,1
"1157",193,2020,7,1,2.55431237191858,1
"1158",193,2020,7,1,2.55431237191858,0
"1159",194,2020,4,2,2.71146571824098,1
"1160",194,2020,4,2,2.71146571824098,1
"1161",194,2020,4,2,2.71146571824098,0
"1162",194,2020,4,2,2.71146571824098,1
"1163",194,2020,4,2,2.71146571824098,1
"1164",194,2020,4,2,2.71146571824098,1
"1165",195,2020,6,1,2.84763806229794,0
"1166",195,2020,6,1,2.84763806229794,1
"1167",195,2020,6,1,2.84763806229794,0
"1168",195,2020,6,1,2.84763806229794,1
"1169",195,2020,6,1,2.84763806229794,1
"1170",195,2020,6,1,2.84763806229794,1
"1171",196,2020,4,0,2.21231225685492,1
"1172",196,2020,4,0,2.21231225685492,1
"1173",196,2020,4,0,2.21231225685492,1
"1174",196,2020,4,0,2.21231225685492,1
"1175",196,2020,4,0,2.21231225685492,1
"1176",196,2020,4,0,2.21231225685492,0
"1177",197,2020,3,1,3.17643583726942,0
"1178",197,2020,3,1,3.17643583726942,1
"1179",197,2020,3,1,3.17643583726942,1
"1180",197,2020,3,1,3.17643583726942,1
"1181",197,2020,3,1,3.17643583726942,1
"1182",197,2020,3,1,3.17643583726942,0
"1183",198,2020,6,1,2.91160825534672,0
"1184",198,2020,6,1,2.91160825534672,1
"1185",198,2020,6,1,2.91160825534672,0
"1186",198,2020,6,1,2.91160825534672,1
"1187",198,2020,6,1,2.91160825534672,1
"1188",198,2020,6,1,2.91160825534672,1
"1189",199,2020,6,2,3.89594850852052,0
"1190",199,2020,6,2,3.89594850852052,1
"1191",199,2020,6,2,3.89594850852052,1
"1192",199,2020,6,2,3.89594850852052,0
"1193",199,2020,6,2,3.89594850852052,0
"1194",199,2020,6,2,3.89594850852052,0
"1195",200,2020,8,2,3.11113263121318,1
"1196",200,2020,8,2,3.11113263121318,0
"1197",200,2020,8,2,3.11113263121318,1
"1198",200,2020,8,2,3.11113263121318,1
"1199",200,2020,8,2,3.11113263121318,1
"1200",200,2020,8,2,3.11113263121318,1
